source,target,weight,description,text_unit_ids,id,human_readable_id,source_degree,target_degree,rank
"""0XA7631B""","""RESET_REASON_BOD_VDDD""",1.0,"""The system reset occurred due to an unexpected voltage drop in the power supply.""",['b31989d3d895ae57672b9996ec1ee43f'],e095cc36da784300b27c6f8c60a96440,0,3,1,4
"""0XA7631B""","""IOCONTROLLER""",1.0,"""The IOController malfunctioned, causing the system reset.""",['b31989d3d895ae57672b9996ec1ee43f'],c68893ca39d74ba08c6eb138f24441e1,1,3,2,5
"""0XA7631B""","""IDC23 SERIES CAR""",1.0,"""The IDC23 Series Car has a specific DTC code 0xA7631B."")<|COMPLETE|> (""entity""",['a1838f9de5474cd63c332cdc1b221da5'],472b23bb92834173b4118d101040c726,2,3,5,8
"""GBIT ETH LINK""","""MGU22""",1.0,"""There is no GBIT ETH Link from MGU22 to WAVE, causing the error.""",['78694c2f02a78b42f413d98bcc76e527'],81869985b45a4fefbbbb23ea118a3de4,3,1,6,7
"""MGU22""","""SIGNALGATEWAY.SERVICE""",1.0,"""The event MGU22 resulted in the restart of the signalgateway.service.""",['211397562072e865dcde9c2fafb534b5'],42b8584c5a874eb08fbd61f0c18f3ca0,4,6,1,7
"""MGU22""","""CCM EMERGENCY CALL SYSTEM""",1.0,"""The emergency call system has failed at MGU22, requiring attention from the organization.""",['c972662ec0a96c9ac366df01191fcba3'],824d93d9840a4b7c8b1f31bc6816b497,5,6,1,7
"""MGU22""","""LAST_IOC_RESET_REASON_WAKEUP""",1.0,"""The reason for the emergency call system failure at MGU22 is LAST_IOC_RESET_REASON_WAKEUP.""",['c972662ec0a96c9ac366df01191fcba3'],f209a808f1f04a5699601e672f4abd06,6,6,1,7
"""MGU22""","""LIFECYCLE-RTC""",1.0,"""MGU22 is being monitored by the Lifecycle-RTC system.""",['f34047ed9be957245be11e9ab8df28bb'],ccb335166f6c4564ac1c61549d8ded50,7,6,4,10
"""MGU22""","""SHUTDOWN_STR_EXIT_OFF""",1.0,"""The event MGU22 occurred due to the command or action SHUTDOWN_STR_EXIT_OFF."")<|COMPLETE|> (""entity""",['13c46de65b7e974b827b668b96bc054b'],cbe1a41a82aa4f268e8264568b25938f,8,6,1,7
"""WAVE""","""ECALL CCM""",1.0,"""Both devices or systems are not functioning, as suggested by the text.""",['f329c668191e3367609b7bc41cdc48a0'],28e7639f55ce464c8a080cbb2c745fa2,9,1,2,3
"""PADI""","""LOGICAL CONTROL (LC)""",1.0,"""The cessation of Logical Control indicates a problem with the automated control system within PaDi.""",['45a47bb0690d91ed05f85dad1776bc56'],3f3a2d7aa1294116814f0b4d89baa23d,10,2,1,3
"""PADI""","""DATA LINK TERMINAL (DLT)""",1.0,"""The halt in Data Link Terminal logs suggests a broader system failure or shutdown affecting PaDi.""",['45a47bb0690d91ed05f85dad1776bc56'],3073b33926bd4f33807ffa3befacefaf,11,2,1,3
"""IOC ALIVE COUNTER""","""MGU SWITCH""",1.0,"""Both devices appear to be inactive, as indicated by the text.""",['f329c668191e3367609b7bc41cdc48a0'],2b916117691c4872a9c4e4888d4fe4ab,12,1,1,2
"""ECALL CCM""","""INTERNET FUNCTIONS""",1.0,"""Both eCall CCM and internet functions have been lost during startup, affecting the functionality of the system."")<|COMPLETE|> (""entity""",['efed2f5ad92d570897eac4d86d0b1a3e'],1f7b02bf486e4f42b23e9cb1a63207f3,13,2,1,3
"""BLACK SCREEN""","""WEEKEND TEST DRIVE""",1.0,"""The black screen problem occurred during the weekend test drive.""",['80fd6c58091eb31c0a8e40a0b27473bd'],e744c118ae7f4638a01d060bbaedd6e9,14,1,1,2
"""BLACK SCREEN KOMBI""","""LIFE CYCLE""",1.0,"""The Black Screen Kombi has experienced a Life Cycle, which includes various stages such as creation and destruction.""",['413508076503ffc1791365f31de7f406'],e1c1080c717d437996def1a41772d179,15,1,1,2
"""IDC23""","""HU""",1.0,"""IDC23 and HU are involved in the crash of the Ethereum service.""",['9c0f0dd4c99b02f2563aa2d10aec7236'],63fba9a7c47a4f14ac0bee6bc90d0fea,16,13,8,21
"""IDC23""","""LIFECYCLE-RTC""",1.0,"""The LifeCycle-RTC event occurs at IDC23.""",['2045a423d7ec0e6b18300c4009b51f97'],6bfc2395b4f54a528a1ebac94a43acb8,17,13,4,17
"""IDC23""","""STR STATE""",1.0,"""The IDC23 organization is located in the STR State."")<|COMPLETE|> (""entity""",['06339417dd129043f8102316e372f97b'],1cce5cebf437428eb1a60dffbdfa603f,18,13,2,15
"""IDC23""","""APIX CHIP""",1.0,"""IDC23 is associated with the APIX Chip due to its malfunction.""",['2701318aa6b7a9afac87cdf7f06be4fa'],dc94039d6643460ca3c66150b9087129,19,13,2,15
"""IDC23""","""LIFECYCLE""",1.0,"""The specific location or device IDC23 is part of the overall lifecycle of the system.""",['d58af2774383a48d5ddffee5074893a6'],f197d75f159943f8a3ff441199790bc7,20,13,5,18
"""IDC23""","""NIGHTLY BUILD BAT""",2.0," The entity known as ""IDC23"" plays a role in, or is associated with, the Nightly Build BAT process. Conversely, it is also established that the Nightly Build BAT occurs within the premises of IDC23. Therefore, it can be inferred that IDC23 serves as the location for the Nightly Build BAT process to take place.",['3367d1af79b215e1e3bbeda05ec12266' 'e17bf1f3eed3d870d76a36ec5d026cd3'],4d8890c699684c9381105b03b0b41b03,21,13,3,16
"""IDC23""","""SERVICE RC_ETH_PHY_SWITCH_ENGINE_RESET""",1.0,"""The location IDC23 is where the Service RC_ETH_PHY_SWITCH_ENGINE_RESET is being used or monitored.""",['7abba7c2008a10626855aa8423929d38'],b1658adfa43847eabad1437db235e858,22,13,4,17
"""IDC23""","""WUP TRIGGER""",1.0,"""IDC23 does not respond properly to the WUP trigger.""",['b7244c24ba845e9461cf4ba9cc098f77'],a1773cac7d4c4939aec965660e5015fe,23,13,1,14
"""IDC23""","""SHUTDOWN_FULL_OFF""",1.0,"""IDC23 is in a state of SHUTDOWN_FULL_OFF after failing to wake up from the WUP trigger.""",['b7244c24ba845e9461cf4ba9cc098f77'],6a054cb59fb44cf494b93988b5f88833,24,13,1,14
"""IDC23""","""PLATFORM""",1.0,"""IDC23 issued a command to restart the platform.""",['593106634c58b8567ffa3f161932bd0d'],e7b103a52e384e3e8bf14105223e7e82,25,13,1,14
"""IDC23""","""IC_SAFTY_VIOLATION_RESET_BLANK""",1.0,"""IDC23 reported the IC_SAFTY_VIOLATION_RESET_BLANK event.""",['4889b8e64628e3aa5708b9fe22f95fc0'],3f1042452c254cecaf7189e89162adc8,26,13,3,16
"""IDC23""","""DTC 0XB7FB8F""",1.0,"""IDC23 reported the DTC 0xB7FB8F related to a safe misc CRC error.""",['4889b8e64628e3aa5708b9fe22f95fc0'],fd31d549420744d1bd1a6b1112a9a6ba,27,13,1,14
"""IDC23""","""AUTOMATION""",1.0,"""IDC23 is responsible for the automation process that led to the high current event.""",['d40fc73eef238010776ab42d53427a71'],f7ab348030714072a277682b51f7c588,28,13,2,15
"""SV_US""","""ETH.SERVICE""",1.0,"""The crash of the Ethereum service occurred in SV_US.""",['9c0f0dd4c99b02f2563aa2d10aec7236'],2139b0906dc541e094138a978d070416,29,1,1,2
"""HU""","""BI_2307""",1.0,"""The system BI_2307 is located in HU.""",['c06fc6dd3a2a71fb3c9ffae93ae426f6'],ff5466607e5d4453b1d833629292f664,30,8,4,12
"""HU""","""UBMIN""",1.0,"""The non-response of HU is related to the minimum voltage value of 6V."")<|COMPLETE|> (""entity""",['2dce2f2cbf044821729ff6883c3351ab'],71f95003936e46a98d90757ffd845d40,31,8,1,9
"""HU""","""LIFECYCLE-RTC""",1.0,"""LifeCycle-RTC is responsible for or manages the HU device, as it did not wake up as expected."")<|COMPLETE|> (""entity""",['be42eeb163c37d00a0bbd2b8a838a5f8'],bada987ea7da4c939393ee1c3d08ccd4,32,8,4,12
"""HU""","""WAKEUP_REASON_CUSTOMER_RESET""",1.0,"""The HU device did not wake up due to the WAKEUP_REASON_CUSTOMER_RESET."")<|COMPLETE|>   (""relationship""",['be42eeb163c37d00a0bbd2b8a838a5f8'],d0a274e7934d446fb91847bb53a961a6,33,8,1,9
"""HU""","""MINI IDC""",1.0,"""The problem experienced by MINI IDC is related to HU, which failed to start up.""",['0f9a5da33adb698ee3345a722dd6dbd4'],0a799eab61bc4e6b884db6689f9c2c4a,34,8,1,9
"""HU""","""UV""",1.0,"""The condition of HU is due to the occurrence of UV.""",['0974e3980ac7fd39ff8d5b5b4ec931be'],8c34cd494a63438dac219c1dc0f73100,35,8,1,9
"""HU""","""SOC""",1.0,"""The non-recovery of HU from UV leads to SOC not starting.""",['0974e3980ac7fd39ff8d5b5b4ec931be'],c6f428af0c5e4f629902fd5455bf19ac,36,8,1,9
"""COLDBOOTS""","""EVENT""",1.0,"""The event of multiple Coldboots being activated or restarted is indicated by their ResumeNo.""",['5ad45bd483d79609ef98d1ea70c8cd36'],d1fd271d16c348019c2fcced762b35a2,37,1,2,3
"""EVENT""","""SERVICE RC_ETH_PHY_SWITCH_ENGINE_RESET""",1.0,"""The negative response with response code indicates an issue or error in the operation of the Service RC_ETH_PHY_SWITCH_ENGINE_RESET.""",['7abba7c2008a10626855aa8423929d38'],ffa128c9c0c84d39bad1bba8cfa4adc5,38,2,4,6
"""IOC_WATCHDOG_RESET""","""INTERNET OPERATIONS COMMAND (IOC)""",1.0,"""The event IOC_WATCHDOG_RESET is related to the Internet Operations Command (IOC) as it involves a reset of their watchdog system."")<|COMPLETE|> (""entity""",['5b2875e1c818a3da9b0b3be551d1b092'],058f66cc356b43cc9433bd3c8d57fa46,39,12,1,13
"""IOC_WATCHDOG_RESET""","""IOC""",4.0,"""The event IOC_WATCHDOG_RESET may be related to the organization IOC and its watchdog system.""","['106e9295bcfedcccf6687dc20ed91e0c' '264f25220ba4af0a533536c5f131719d'
 'bb863e7d23568e97bb4f20c0f09d87f2' 'ffecca81d2d2f0fb0b1752286ad2c891']",ff74091eaba246698fcae59c21eec828,40,12,5,17
"""IOC_WATCHDOG_RESET""","""WATCHDOG""",4.0,"""The event IOC_WATCHDOG_RESET is likely associated with the concept of a watchdog system or process.""","['106e9295bcfedcccf6687dc20ed91e0c' '264f25220ba4af0a533536c5f131719d'
 'bb863e7d23568e97bb4f20c0f09d87f2' 'ffecca81d2d2f0fb0b1752286ad2c891']",f6cbbf1b8f4b48a28a16e4dd8976b9bb,41,12,1,13
"""IOC_WATCHDOG_RESET""","""RESET""",4.0,"""The event IOC_WATCHDOG_RESET may be a result of the action 'RESET' being taken on the watchdog system.""","['106e9295bcfedcccf6687dc20ed91e0c' '264f25220ba4af0a533536c5f131719d'
 'bb863e7d23568e97bb4f20c0f09d87f2' 'ffecca81d2d2f0fb0b1752286ad2c891']",757ca40654d5476aa949a26b733be8d4,42,12,1,13
"""IOC_WATCHDOG_RESET""","""IDC""",3.0,"""IDC has issued a command or signal related to the IOC_WATCHDOG_RESET event.""","['bc5e7d72174f350a33dcf12faefa7aa6' 'd5559092bd99fd1f3869f1524b901358'
 'dee02c29ee12ac56a5d7bfe57c8d5abc']",539d55e7c42e44b59d98f59fae3e0ee1,43,12,11,23
"""IOC_WATCHDOG_RESET""","""WOHNEN""",1.0,"""The IOC_WATCHDOG_RESET event has occurred in the location Wohnen."")<|COMPLETE|> (""entity""",['acaf15728080d84305015a26ec9ce5a7'],3785eeadea9042bfb2e50f16c0397a12,44,12,1,13
"""IOC_WATCHDOG_RESET""","""G045_H021540""",1.0,"""The event IOC_WATCHDOG_RESET has occurred in the geographical area G045_H021540."")<|COMPLETE|>   (""entity""",['605fe89d0c31975979dfde8bc5177ac6'],48cd97f2297143e09d61ff2a8542c0c5,45,12,2,14
"""IOC_WATCHDOG_RESET""","""[MGU22]""",1.0,"""The event IOC_WATCHDOG_RESET is associated with organization [MGU22].""",['55946cdb9635ae3014dc49b213ebd624'],ff95eb0d5f7f49b782027d5c7ae3c3fe,46,12,3,15
"""IOC_WATCHDOG_RESET""","""[2403]""",1.0,"""The event IOC_WATCHDOG_RESET occurred at geographical location [2403].""",['55946cdb9635ae3014dc49b213ebd624'],086da554db5b4ad5806aedeb0024197c,47,12,3,15
"""IOC_WATCHDOG_RESET""","""[IDC23]""",1.0,"""The IOC_WATCHDOG_RESET event occurred within the [IDC23] organization.""",['709a4bdcd3b3b2d8e694f76f116741bb'],216ee8a907a0466a88b27f8ada19ffa0,48,12,7,19
"""IOC_WATCHDOG_RESET""","""MAINLINE""",1.0,"""The IOC_WATCHDOG_RESET event was observed in Mainline, a location within the [IDC23] organization.""",['709a4bdcd3b3b2d8e694f76f116741bb'],6fefb317687d4ac98efe39a52f3e190f,49,12,1,13
"""IOC_WATCHDOG_RESET""","""NOT SPECIFIED""",1.0,"""The relationship between IOC_WATCHDOG_RESET and other entities is not specified in the text.""",['17dff7d79189b2b01e7c3aa61ba924d9'],320d9d91238948a8be67972ccceab878,50,12,1,13
"""IOC""","""BAT FAILURE_MGU22""",1.0,"""The BAT Failure_MGU22 event occurred at the IOC location.""",['0aa243942da652d5a1747247f52dea02'],bdcbcccadd474b3bbe9a8f56c811bab4,51,5,1,6
"""IOC""","""MGU22_E""",1.0,"""The event MGU22_E is related to ioc not restarting as expected after encountering an ACT_FAULT.""",['3389efd680d43d6b195bdec5625f5852'],f127fc4d87f94794be89134406ba0694,52,5,2,7
"""IOC""","""MGU22_F""",1.0,"""ioc might have been involved in the MGU22_F event.""",['fce2cc9025ae0fb6f2180ece37d3ab9a'],c27966a4e3be434686454204ac7b3ab4,53,5,3,8
"""IOC""","""WAKEUP_REASON_IOC_WATCHDOG_RESET""",1.0,"""The event occurred at IOC, which could be affected by it.""",['51902b4fc9b9c277ce9e76d7bb490488'],dab39f92d0ed468c80699f28c05c45fa,54,5,5,10
"""FIT-FAHRZEUG""","""BOTSCHAFT(RELATIVZEIT BN2020, ID: RELATIVZEIT)""",1.0,"""FIT-Vehicle D0103Y is involved in the event or message related to Relativzeit BN2020.""",['6ae37b9ba3a17fa65c721371ae3e5646'],3076f330d121489aa50964ce54a3b1ac,55,8,2,10
"""FIT-FAHRZEUG""","""VIT-VEHICLE D01030""",1.0,"""FIT-Fahrzeug is responsible for the vehicle VIT-Vehicle D01030.""",['13bd16bd84d1d944ba4eda1cd1f97d81'],c8e5d3afdcb54c8589e280f0c4a87417,56,8,1,9
"""FIT-FAHRZEUG""","""ST_DISP_KI""",1.0,"""The organization FIT-Fahrzeug is associated with the event ST_DISP_KI of the vehicle VIT-Vehicle D01030.""",['13bd16bd84d1d944ba4eda1cd1f97d81'],f3d30627e19245649e497ab49bf0fa30,57,8,2,10
"""FIT-FAHRZEUG""","""D0103Y""",1.0,"""FIT-Fahrzeug and D0103Y are one and the same vehicle."")<|COMPLETE|> (""entity""",['23688e9dc337373f3b1a22dde4d91f6c'],e3f1098c3d984bc7b5f30b9c0101f7a6,58,8,1,9
"""FIT-FAHRZEUG""","""IDC""",1.0,"""The FIT-Vehicle D0103Z is located in IDC and experiencing a blackscreen issue.""",['f8ac24c10a7bc8dc5cc62f5cc543a497'],24b4a5f4db67418cbfa08c5316f0ab51,59,8,11,19
"""FIT-FAHRZEUG""","""NOTRUFSYSTEM""",1.0,"""The emergency system of FIT-Vehicle D0103Z has failed.""",['f8ac24c10a7bc8dc5cc62f5cc543a497'],e4b707e3e6964197855b82fc66ef59e7,60,8,1,9
"""FIT-FAHRZEUG""","""BOTSCHAFT""",1.0,"""The missing status display combination of FIT-Fahrzeug might be related to the communication event Botschaft.""",['98521d8af0974f7a7aa310e1144fd17c'],109b8be5a8ee4180a1465cd23f019d7b,61,8,2,10
"""FIT-FAHRZEUG""","""VIT-VEHICLE""",1.0,"""VIT-Vehicle is another vehicle or organization related to FIT-Fahrzeug, as both are mentioned in the text.""",['98521d8af0974f7a7aa310e1144fd17c'],49f771e31a0c4b35bc39e389f3623509,62,8,2,10
"""VIT-VEHICLE""","""BOTSCHAFT(RELATIVZEIT BN2020, ID: RELATIVZEIT)""",1.0,"""It is not specified whether VIT-Vehicle is involved in the event or message related to Relativzeit BN2020.""",['6ae37b9ba3a17fa65c721371ae3e5646'],aa946d4379694a74ba0da37e69d2810a,63,2,2,4
"""ZBE""","""REST OF THE FEATURES""",1.0,"""The rest of the features do not work with ZBE.""",['2790bae7f2c75a57fb2b3355a842e5a4'],268446fc52a54fd2837f73aeb3e0b74f,64,1,1,2
"""DFE""","""LC""",1.0,"""The DFE's inactivity is observed during the LifeCycle-RTC event.""",['2045a423d7ec0e6b18300c4009b51f97'],f6ddfa8491ff40d2839bb5b2e105df22,65,3,4,7
"""DFE""","""BI_2311TO2403""",1.0,"""The event BI_2311to2403 resulted in a failure of the DFE-Kommunikation.""",['8561914d860570076ff3ce9f41682bc4'],db1295504da645b69d9786d54f233fed,66,3,4,7
"""DFE""","""IDC23 SERIES CAR""",1.0,"""The problem with the IDC23 Series Car is related to the DFE system or component.""",['fea407b542ed67412969ae08575b8a8f'],6ff4ed0dda4f4158af37be99f505565f,67,3,5,8
"""LC""","""PROBLEM WITH CID AND LC""",1.0,"""The issue with the Logical Channel is related to the malfunction of the Command and Interface Device in IOC2403's system.""",['ab0db4a2bcca339c26d0d4c5ef065293'],5d398b88ee4242a59c32feb188683ec3,68,4,3,7
"""LC""","""AZV""",1.0,"""AZV's state remains unchanged throughout the LC.""",['c8c82262047b0f6faa51e75c12b10967'],0a784e00c9464bd3aeb830b908f73170,69,4,2,6
"""LC""","""SUSPEND TO RAM FUNCTIONALITY""",1.0,"""The failure of Suspend to RAM Functionality occurred during or as a result of the event referred to as LC.""",['6bb4ce52008209df78eb01779ea251c1'],b0966a0f455e44229e6c9705d57bfca9,70,4,1,5
"""LIFECYCLE-RTC""","""IDC2403""",1.0,"""LifeCycle-RTC executed a Factory Reset Job that led to the observation of IDC2403.""",['41d33265517367967d10564cbf8fe7d4'],99761e9b89cc4060be3ed6b34532e7ff,71,4,2,6
"""STATUS ANZEIGE KOMBI""","""ST_DISP_KI""",1.0,"""The event ST_DISP_KI is related to the Status Anzeige Kombi of the vehicle VIT-Vehicle D01030.""",['13bd16bd84d1d944ba4eda1cd1f97d81'],8130a1a82bde46048952cf147690e630,72,1,2,3
"""IDC""","""HUD""",1.0,"""The IDC and HUD organizations appear to be facing similar problems, suggesting they may be interconnected or part of the same system."")<|COMPLETE|> (""entity""",['6eaf196fc6a057eed197922d34d1c0a6'],79c99026b7ef4946b9b8e0be841fd4c5,73,11,2,13
"""IDC""","""BI_2307""",1.0,"""BI_2307 is associated with the organization IDC.""",['c06fc6dd3a2a71fb3c9ffae93ae426f6'],fdcb1673254842f1935f53d0c38c467e,74,11,4,15
"""IDC""","""KM-STAND""",1.0,"""The KM-Stand event indicates that the vehicle is stationary in IDC.""",['f8ac24c10a7bc8dc5cc62f5cc543a497'],dcb3f4cc8abc46faabc193d9885e91d0,75,11,1,12
"""IDC""","""QUIESCENT POWER""",1.0,"""The activation of IDC caused a shift from Quiescent Power to increased power consumption.""",['f06a861562496748755a429bc4a6f926'],3295be59128d451bb720c6688adc1e0b,76,11,1,12
"""IDC""","""POWER INCREASE""",1.0,"""The activation of IDC led directly to the Power Increase event.""",['f06a861562496748755a429bc4a6f926'],aca3eb8924ac494486fe0bfe892f7f2e,77,11,1,12
"""IDC""","""[IDC_SI]""",1.0,"""[IDC_SI] is part of the IDC organization.""",['9099f98cb6057a5bd9bfd18262448c29'],66689accdd974295b7eb779e43578748,78,11,1,12
"""IDC""","""DLT""",1.0,"""The logs of DLT indicate that IDC performed a system reset.""",['c1cba8ed0d193ad59458390a792657b0'],6b49c78aa1524609ab7aa74aeaa3e01d,79,11,2,13
"""IDC""","""2507-ML""",1.0,"""IDC performed a system reset during the 2507-ML event.""",['56db6bd1fa62c6b555094fabb41e1914'],7ff31ce54f424f0bbb297b0b3ba7c757,80,11,1,12
"""IDC""","""STR""",1.0,"""IDC enters a FULL OFF state after the completion of STR.""",['85d22b7ef37ae79ad6567046b8184a1c'],bac51e00d486420c8e91e824d8e17411,81,11,7,18
"""HUD""","""PROFILECHANGE""",1.0,"""The HUD needs to be adjusted after a profile change.""",['6e74dc5d592cc6479ac5f124d556a850'],4adee3aad6524a4aa4c4711c1ee05e64,82,2,1,3
"""MGU""","""[23-11]STR""",1.0,"""The MGU entity is involved in the event [23-11]STR, but the nature of their involvement is not specified.""",['4aa2f720394e12efb67e7221a8c3e845'],d034e4fd8ac849278e658daad1a1f033,83,9,1,10
"""MGU""","""EA-FIT""",1.0,"""The organization EA-FIT is experiencing a problem with its MGU.""",['9586c06886abf1586a1758c00adddcb3'],091e998370dd42d1b05ab0fcf6595a7e,84,9,1,10
"""MGU""","""I20""",1.0,"""The event I20 is related to the faulty start-up of the MGU.""",['9586c06886abf1586a1758c00adddcb3'],1e6cabc18fab4c048281fd29d3044438,85,9,1,10
"""MGU""","""24-03""",1.0,"""MGU has addressed the issue on the specified date or event.""",['b1418ffef573dabf60fa012d304ac1a3'],dc08f6d7398b4b798a3bdccf508a2ad4,86,9,1,10
"""MGU""","""BOD_VDD RECOVERY""",1.0,"""The race condition issue affects the BOD_VDD Recovery technology.""",['b1418ffef573dabf60fa012d304ac1a3'],1c7fd5af8d8041e186eae2431fc627cd,87,9,1,10
"""MGU""","""SHUTDOWN UNDERVOLTAGE""",1.0,"""The race condition issue is also related to the Shutdown Undervoltage technology.""",['b1418ffef573dabf60fa012d304ac1a3'],b16eda56dcec40f2b3e109fb9246bee3,88,9,1,10
"""MGU""","""CID""",1.0,"""The failure of MGU prompts CID to show BMW as the issue.""",['40e1a39840a87dc78c85d45877938e4f'],43c68f9a86654a32a2215e23957ed184,89,9,11,20
"""MGU""","""PU2411""",1.0,"""PU2411 is the command to disable a specific function of MGU.""",['b16c781317dfb822518787256e0210a4'],1ba06fe2e86140a59bbc4f4e969d0f71,90,9,1,10
"""MGU""","""TK-FIT""",1.0,"""The organization TK-FIT is experiencing a delay in the MGU operation due to a cold boot issue.""",['aedb1392696a0303a184efa597f9eb83'],36caa0a230c8422c8acb4dc62e35bb32,91,9,1,10
"""CRASH ID: 2522215684262056414""","""[IDC23]""",1.0,"""The crash occurred within the [IDC23] system.""",['f12bd8809b9a4fbde18d50ae1f1388fb'],09940fed9d154504948bba2df1789a50,92,1,7,8
"""PROCESS NAME: ETH-CTRL.SERVICE""","""[IDC23]""",1.0,"""The crash involved the process named Process Name: eth-ctrl.service within the [IDC23] system.""",['f12bd8809b9a4fbde18d50ae1f1388fb'],4d6608557eed49368a6d09c7c5c664c5,93,1,7,8
"""[IDC23]""","""APIX MB0""",1.0,"""The incorrect configuration of the APIX MB0 technology was identified at the [IDC23] location.""",['4b03f045ca7c1bdd67310c061680f0c5'],eb7c93eeb9dc41aab57d29e97ebb4951,94,7,3,10
"""[IDC23]""","""SAFE_CODING_DATA_ERROR""",1.0,"""The organization [IDC23] is experiencing a SAFE_CODING_DATA_ERROR.""",['cf610e79c74e3f3602430ab31cee3f59'],3b6e2ac584b64847b53828c9d779fed3,95,7,1,8
"""[IDC23]""","""IC_SAFETY_VIOLATION_RESET_BLANK""",1.0,"""The organization [IDC23] is experiencing IC_SAFETY_VIOLATION_RESET_BLANK as a result of the SAFE_CODING_DATA_ERROR.""",['cf610e79c74e3f3602430ab31cee3f59'],e9b68002e035447baae848208cea5503,96,7,2,9
"""[IDC23]""","""[MAINLINE]""",1.0,"""The event [Mainline] is related to the organization [IDC23] experiencing a SAFE_CODING_DATA_ERROR and IC_SAFETY_VIOLATION_RESET_BLANK.""",['cf610e79c74e3f3602430ab31cee3f59'],fe18353546824ca98294ce4be7b96e02,97,7,2,9
"""CLONE""","""KERNEL CRASHES""",1.0,"""CLONE is dealing with the kernel crashes.""",['6e92c9d95d4da810634624fe16b99344'],0e9740e25f5a460c81318336e00ac880,98,3,1,4
"""CLONE""","""FIT_CN_U12BEV""",1.0,"""The readiness time of MMI during FIT_CN_U12BEV has exceeded the target value set by CLONE.""",['61e528d9a380f24404cd2de394311bd5'],b7cd9a62710849778fdadced0d754687,99,3,1,4
"""CLONE""","""_9R21379""",1.0,"""The organization CLONE is located in _9R21379 where a watchdog reset caused a wakeup event."")<|COMPLETE|> (""entity""",['1c2d8c652837fae12d7e1016a093614f'],432a6b4962544200949421a96a405142,100,3,1,4
"""CID""","""BI_D2ML""",1.0,"""The issue with the LC may be related to the BI_D2ML technology used by CID.""",['1a03dc612a3f20b5016da81e642dffc1'],d6700b360ac141d282cdb567414bf4ce,101,11,1,12
"""CID""","""RR25""",1.0,"""The problem in the LC, indicated by a black screen, is caused by the RR25 event.""",['1a03dc612a3f20b5016da81e642dffc1'],c1b40a4039b44061a358e098867f7412,102,11,1,12
"""CID""","""PROBLEM""",1.0,"""The problem with the CID system is indicated by the black screen after starting a new LC.""",['d0a7ea4cae6a04e4034abf6e52d259c1'],4643a7a319674adfb732b6f6122c7c64,103,11,2,13
"""CID""","""PROBLEM WITH CID AND LC""",1.0,"""The malfunction of the Command and Interface Device is part of the overall problem with IOC2403's system.""",['ab0db4a2bcca339c26d0d4c5ef065293'],46e8056fb2ec4811ab33cb34a0dc9fb3,104,11,3,14
"""CID""","""AUDIO OUTPUT""",1.0,"""The CID system does not produce any audio output during the lifecycle of the vehicle.""",['1850b7ad817b6b8ce6eb45d7acd606ff'],8b57a9f43a1942a49b58cf881835f974,105,11,1,12
"""CID""","""VIDEO OUTPUT""",1.0,"""The CID system displays a black screen instead of video output during the entire lifecycle of the vehicle.""",['1850b7ad817b6b8ce6eb45d7acd606ff'],f78b01b0d93948c283644ec58f7be74a,106,11,1,12
"""CID""","""BMW""",1.0,"""CID indicates that BMW is causing the problem with MGU not starting.""",['40e1a39840a87dc78c85d45877938e4f'],8dbe8f9867e4448f998416c18923eac4,107,11,2,13
"""CID""","""6V""",1.0,"""The CID was blank after the supply voltage reached 6V during a slow decrease and increase."")<|COMPLETE|> (""entity""",['2a3102391bafcd28c7dd42549ccf48cf'],fe8ea8bf1395434393e04e8f7a33025f,108,11,1,12
"""CID""","""KOMBI""",1.0,"""Both CID and Kombi are vehicles that share the characteristics of being completely black and reversing.""",['5fd255db7b2c556ca799d5988db53512'],7d58b089bfc549e8951e91ad62541119,109,11,2,13
"""CID""","""DELAYED STARTUP""",1.0,"""The event Delayed Startup affects CID, causing it to start later than expected.""",['6aebae568357758f36c1fbb46e3635f3'],1fa6d3118bd846c8837b5fa9fb78f262,110,11,1,12
"""IDC23_U12_DFE""","""STARTUP""",1.0,"""The problem with the startup of IDC23_U12_DFE is indicated by the black screen.""",['2225399269f5b8d8b66b99cf4000276e'],62c65bbae33c4ee9a21b61f6f454c4b4,111,4,2,6
"""IDC23_U12_DFE""","""[BI-E2-ML]""",1.0,"""The vehicle IDC23_U12_DFE is connected to the organization [BI-E2-ML], possibly through maintenance or manufacturing.""",['798857dabf3f6e02fd96d3754961b4f9'],30b7034c4468473f98ee18d00ee73b33,112,4,2,6
"""IDC23_U12_DFE""","""BI_2311""",1.0,"""The incident IDC23_U12_DFE is related to the malfunction of BI_2311.""",['6d366f29543ceb4666afebe8b2a7fb2f'],00f78b85e5b84999a810e311e540037b,113,4,4,8
"""IDC23_U12_DFE""","""VEHICLE""",1.0,"""The incident IDC23_U12_DFE occurred in the vehicle due to the malfunction of BI_2311.""",['6d366f29543ceb4666afebe8b2a7fb2f'],3e460d9f011d4b0b9ccaae7b6a5202de,114,4,4,8
"""STARTUP""","""3RD LIFECYCLE""",1.0,"""The 3rd Lifecycle also experienced a delay in the startup of the CID."")<|COMPLETE|> (""entity""",['51ca6c1076833d3aeced45611f974418'],9d98dece22eb401aa1a5ce9c88c603f0,115,2,1,3
"""CONTROLUNIT""","""[0724-381]""",1.0,"""The communication from [0724-381] was intended for CONTROLUNIT, but there was no response.""",['32dd9f1e052bb8720a07b05aa6fb5e27'],81446ea789b24eaf9eab02dc07c3d984,116,3,1,4
"""CONTROLUNIT""","""U12_2311_IDC23""",1.0,"""U12_2311_IDC23 is associated with a control unit that has not responded.""",['663b1326fe05422c58ed1902d31e3b29'],79f4b1c1b2be4cf7aa828846e20a4eb6,117,3,2,5
"""CONTROLUNIT""","""CAR""",1.0,"""The Car is connected to the control unit that has failed to respond.""",['663b1326fe05422c58ed1902d31e3b29'],de04830d6e414fd5b39a9e90769d9452,118,3,1,4
"""IDC23_D""","""MGU22-TEST-EXECUTION-ENVIRONMENT""",1.0,"""IDC23_D occurred in the mgu22-test-execution-environment.""",['bd6d9a5cf87b1af138c29eb3af9c5414'],69db426b97714835bf4937180774787a,119,2,5,7
"""IDC23_D""","""POST_SERIAL_MARKER_TESTS""",1.0,"""IDC23_D is related to the failure of post_serial_marker_tests during ioc execution.""",['bd6d9a5cf87b1af138c29eb3af9c5414'],9c7bc862339d4a5bb21ee5154d9b33bb,120,2,1,3
"""MGU22-TEST-EXECUTION-ENVIRONMENT""","""IDC23_ML BAT FAILURE""",1.0,"""The BAT Failure occurred in the mgu22-test-execution-environment.""",['cab271ab0f3742e4c18dd6a66b5e86fd'],17bad53a0ebe4569839e5e151ff78593,121,5,5,10
"""MGU22-TEST-EXECUTION-ENVIRONMENT""","""MGU22_F""",1.0,"""MGU22_F took place in the mgu22-test-execution-environment.""",['fce2cc9025ae0fb6f2180ece37d3ab9a'],53d98f08e7c74158b7318357b6c660b3,122,5,3,8
"""MGU22-TEST-EXECUTION-ENVIRONMENT""","""ACT_FAULT""",1.0,"""The ACT_FAULT occurred during a check process in the mgu22-test-execution-environment.""",['fce2cc9025ae0fb6f2180ece37d3ab9a'],cd601f77419c403889aadeee591915b5,123,5,1,6
"""MGU22-TEST-EXECUTION-ENVIRONMENT""","""IDC23_F""",1.0,"""IDC23_F took place in the mgu22-test-execution-environment.""",['aeabc848d13f599e65a605c7e209813c'],0f564ebd53e940fba9d16674ac7bc038,124,5,5,10
"""BI_2307""","""PU2307""",1.0,"""The component pu2307 is part of the system BI_2307.""",['c06fc6dd3a2a71fb3c9ffae93ae426f6'],7deb75816e4f473480e0c79ae99b5bf4,125,4,1,5
"""BI_2307""","""PU23-07""",1.0,"""The organization BI_2307 experienced an event (PU23-07) that triggered a Hard Error Reset.""",['9790ebc82f7160ddd73beb7d7f7fbe30'],7f85b181f1184f77aeb3ea2155cf4027,126,4,1,5
"""BOTSCHAFT""","""FIELD DISPLAYARROWS""",1.0,"""The Field displayArrows location is associated with the Botschaft event.""",['6bd2fe643bdcc6be72047366d70c9d36'],d148b2b2033048618f1a090a492a40a5,127,2,1,3
"""KOMBI""","""MANUAL RESET""",1.0,"""The action of manual reset is necessary for Kombi to function.""",['dcbbc08412a95a4863db9dfed9ae7a41'],4d839a10353e4144a26563b0966721d5,128,2,1,3
"""TARGET""","""UV CONDITIONS""",1.0,"""The Target is affected by the UV Conditions, resulting in its inactivity.""",['20db9c0dd62cade55b075611582ceb52'],521a862bb196488389f17c0b0f4b6f4d,129,2,1,3
"""TARGET""","""NSM""",1.0,"""The target did not respond to a command issued by nsm.""",['fc5ae552d34d6d1852b07859a0f96722'],22ea3328fb6343f4ad2862495ea27640,130,2,1,3
"""U006_7J70681""","""IDC23_E""",1.0,"""The device U006_7J70681 is located in the system IDC23_E.""",['a54f32c60cd4cca34c0a066fab49ca87'],3f9a2a2c1c0a424e8b4980ea9d48bdbe,131,2,4,6
"""U006_7J70681""","""WAKEUP_REASON_IOC_WATCHDOG_RESET""",1.0,"""The device U006_7J70681 experienced the event WAKEUP_REASON_IOC_WATCHDOG_RESET.""",['a54f32c60cd4cca34c0a066fab49ca87'],aa2ec452728a4703ae1bdabe85b6c079,132,2,5,7
"""IDC23_E""","""WAKEUP_REASON_IOC_WATCHDOG_RESET""",1.0,"""The event WAKEUP_REASON_IOC_WATCHDOG_RESET occurred in the system IDC23_E.""",['a54f32c60cd4cca34c0a066fab49ca87'],c5ddb31e0a9c4b2683e4631283dd505b,133,4,5,9
"""IDC23_E""","""7L54719""",1.0,"""IDC23_E is responsible for reporting the event (IOC_WATCHDOG_RESET) for flight 7L54719.""",['4102370503cd9bf6c2f6d53fc36975c2'],07d8eeb549044ac88d2e788c146a0ef1,134,4,2,6
"""IDC23_E""","""LCM_SHUTDOWN_UNINTENDED_START_WO_REASON""",1.0,"""The LCM_SHUTDOWN_UNINTENDED_START_WO_REASON event occurred within the IDC23_E organization.""",['d4d16109ee09bb9a72b3728a9f1c6ac3'],47df2815030c4f1c99facd5cf2482526,135,4,6,10
"""WAKEUP_REASON_IOC_WATCHDOG_RESET""","""LIFECYCLE""",1.0,"""The unexpected event WAKEUP_REASON_IOC_WATCHDOG_RESET affected the lifecycle of the system.""",['d58af2774383a48d5ddffee5074893a6'],ae521508bdc244f99c4fce4ab5214c79,136,5,5,10
"""WAKEUP_REASON_IOC_WATCHDOG_RESET""","""[IDC23_ML]""",1.0,"""The organization [IDC23_ML] has issued a wake-up command due to the event WAKEUP_REASON_IOC_WATCHDOG_RESET.""",['4f335fde2d28f448a0915ffcfef01855'],6315b4bf135c40358823ed7e4e4060e2,137,5,1,6
"""[BI][HU][IDC][PU2311]""","""STR""",1.0,"""The STR software is part of the [BI][HU][IDC][pu2311] system and has caused it to enter an alarm update loop.""",['6963ec899be88537c2941c7683d0cfcb'],33905debec1a45ecae1c65daac1d854c,138,1,7,8
"""STR""","""TIMEOUT""",1.0,"""The timeout event triggered the exit of the STR software within the [BI][HU][IDC][pu2311] system.""",['6963ec899be88537c2941c7683d0cfcb'],bfbe904780fe47daad1a04126b12923c,139,7,1,8
"""STR""","""SYSTEM""",1.0,"""The System resumes from STR, causing an unexpected wake-up and graceful power-off.""",['4cb16c8995629cafeed255165bc44360'],0614f00e932c4cd0b53928053811ebc1,140,7,1,8
"""STR""","""MGU22_G""",1.0,"""The event WAKEUP_REASON_WATCHDOG_RESET was observed during STR while MGU22_G was in operation."")<|COMPLETE|> (""entity""",['cc785dd030908551f67b83fc75dc56ca'],9ef487dd0b574b108c60a56d6a2f146c,141,7,1,8
"""STR""","""RVC""",1.0,"""The RVC system or device is activated after the STR device has started up.""",['b1edebca8079ae04f91698fa6fa203cb'],4067269e7f6943cdbc299ce02b7eadbd,142,7,1,8
"""STR""","""SANITY REBOOT""",1.0,"""The STR event is associated with the Sanity Reboot process.""",['4747961b7d704e7afe64e6d22c7d010d'],094a736ba43c4da48c556437f47f88d1,143,7,1,8
"""FAHREN""","""7L54719""",1.0,"""The event occurred in the location Fahren for flight 7L54719.""",['4102370503cd9bf6c2f6d53fc36975c2'],563c2af32bb3476299e9b24a646097ab,144,2,2,4
"""FAHREN""","""NM3""",1.0,"""Both Fahren and NM3 are locations where the ending of STR is taking place during the lifecycle test scenario.""",['19481b31bad12e8d64f13ffe10364cda'],d59b49eb94ce442d89907e90c5d3a44e,145,2,1,3
"""BI_D2ML MGU22""","""TEMPERATURE SENSORS""",1.0,"""The organization, BI_D2ML MGU22, has temperature sensors that are malfunctioning.""",['1dffee3b908bcf0751d4b6877aca42ea'],8ea7cef407df48098046551e303e1c64,146,1,2,3
"""TEMPERATURE SENSORS""","""DLT""",1.0,"""The incorrect readings from the temperature sensors in BI_D2ML MGU22 are being reported at DLT.""",['1dffee3b908bcf0751d4b6877aca42ea'],186e60d2176547bf84e5bf87bd16bb40,147,2,2,4
"""BI_2311""","""NO CONTENT""",1.0,"""BI_2311 has no visible content on the HUD.""",['e63e71033e5973e3521ddff778ca35d3'],e65017091c8d4c7daa45b6c8414e0465,148,4,1,5
"""BI_2311""","""PU23-11""",1.0,"""The organization BI_2311 experienced the event PU23-11, which was an unexpected Hard Error Reset.""",['4f2192a3cefeb2e045757f4c98cb538e'],a0f326b9597b49dda6563e9208316117,149,4,1,5
"""BI_2311""","""VEHICLE""",1.0,"""BI_2311 is a component of the vehicle that has malfunctioned.""",['6d366f29543ceb4666afebe8b2a7fb2f'],bff3db70f9af4f2c87a93df48ecbb6bc,150,4,4,8
"""STR STATE""","""APIX CHIP""",1.0,"""The STR State is the location where the APIX Chip malfunctioned.""",['2701318aa6b7a9afac87cdf7f06be4fa'],bf91f36307cb43e1ab1e967cb3ba8274,151,2,2,4
"""APIX MB0""","""INCORRECT CONFIGURATION""",1.0,"""The APIX MB0 technology has an incorrect configuration."")<|COMPLETE|> (""entity""",['046b9075b99ef77e1f8fa7d1156334bc'],cd58a8740ba54d86a77db9bb9544ef0d,152,3,1,4
"""APIX MB0""","""[BI-E2-ML]""",1.0,"""The APIX MB0 technology is managed or used by the [BI-E2-ML] organization.""",['4b03f045ca7c1bdd67310c061680f0c5'],e96d3475d43b42a781b297ae7e650afe,153,3,2,5
"""UNEXPECTED WAKEUP REASON""","""GRACEFUL POWER OFF""",1.0,"""The unexpected event was observed during the graceful power off of the system.""",['ddc5db0d99054990fc7e3df37f711e27'],1ce76a5547854d458878bd445f0ccbd6,154,1,1,2
"""[MGU22]""","""[IUK_CAN]""",1.0,"""The event [MGU22] is happening at the location [IuK_CAN].""",['e5d2a321469250dee3b1b85e9b569a2b'],11e4325f59394ff1bc89892f79288702,155,3,1,4
"""[MGU22]""","""VOLTAGE TEST""",1.0,"""The voltage test is being conducted at [MGU22], indicating its location.""",['03a78e6d89d1dfd1f291689da2203e0d'],71743537a07c440ea1710a269da8b538,156,3,2,5
"""[ZST]""","""[TC 2.1]""",1.0,"""The time [ZST] is associated with the event [TC 2.1].""",['e5d2a321469250dee3b1b85e9b569a2b'],1389192ce5464be6b3b5749bc9536709,157,2,1,3
"""[ZST]""","""[TC 2.3]""",1.0,"""The communication concept or protocol [TC 2.3] is associated with the time zone [ZST]."")<|COMPLETE|> (""entity""",['c51fbbba65ab5cfc2a7399114b4afc72'],b349041c0be64c62b964ab1234e055e6,158,2,2,4
"""MGU_02_A""","""BI_2311TO2403""",1.0,"""The event BI_2311to2403 occurred within the organization MGU_02_A.""",['8561914d860570076ff3ce9f41682bc4'],969e1ea0b1e443a68e9a65dfef91d161,159,4,4,8
"""MGU_02_A""","""RSU""",1.0,"""The activation of the RSU caused MGU_02_A to enter 'Flash Mode'.""",['54a15d140b297609b48abc816e38da3d'],8e09e7cfea7d405db8b22ae2f836ccb1,160,4,6,10
"""MGU_02_A""","""RSU PU""",1.0,"""The journey data of MGU_02_A was altered after an upgrade at RSU PU.""",['e67a8c180e24e5284a02a114305b264d'],490583524d394bf79289c5fe34f7dcf1,161,4,2,6
"""MGU_02_A""","""24-07""",1.0,"""Changes in MGU_02_A's journey data occurred on 24-07, following an upgrade at RSU PU.""",['e67a8c180e24e5284a02a114305b264d'],d7db38bb599c42cab7066f3fdd282282,162,4,2,6
"""IDC_KOMBI DISPLAY""","""DRIVING""",1.0,"""The IDC_Kombi Display cannot be used while driving.""",['76c05aa95fb4be4ccf65725072d479ba'],efd87a59d01e47c8adc02f63ef2c5c3e,163,1,1,2
"""U12ICE_IDC""","""VEHICLE""",1.0,"""U12ICE_IDC is responsible for addressing the issue with the vehicle that displays a black screen during startup.""",['43589fe9a00b5cd521a6f3d5ea3e87ac'],80e3ce3de41e4601823a333e22b7bb3f,164,1,4,5
"""VEHICLE""","""G68__IDC23_CID""",1.0,"""The G68__IDC23_CID is associated with a vehicle, and its activity status is affected by the locking action on the vehicle.""",['98d9ad1f817227c5f61267561edb5a29'],50eabc166e8944a49197e79c32f27597,165,4,1,5
"""WDG ERROR""","""IOC - MAINLINE""",1.0,"""The WDG ERROR occurred at IOC - Mainline, causing target setup failures.""",['be4e3c313a76922c52076bc989ed8134'],5197a3fb02ef4677abd1900aa87e4efa,166,2,1,3
"""WDG ERROR""","""TARGET SETUP FAILURES""",1.0,"""Target setup failures were caused by the WDG ERROR in IOC - Mainline.""",['be4e3c313a76922c52076bc989ed8134'],887f444240bb474da23cdfb6abf7a998,167,2,1,3
"""[IDC23 SI]""","""STR TEST""",1.0,"""The organization [IDC23 SI] is responsible for conducting the STR Test, which has reported failures.""",['57f109cc789d99591333a9eab93f716c'],5d29053f2ce74442aa1855b327ef3bb7,168,1,2,3
"""STR TEST""","""WUP MANAGEMENT""",1.0,"""The STR Test is being conducted in conjunction with WUP Management during the lifecycle test scenario.""",['19481b31bad12e8d64f13ffe10364cda'],7e40cd12839a4577a95e33d785147a31,169,2,1,3
"""BLACK CID""","""COLD BOOT""",1.0,"""Black CID's actions are directly related to the Cold Boot event.""",['c9fd7c7cbe732bcec09c19d35febcaaf'],8fe58de8a04f4f8f807c77fb41829a3a,170,2,1,3
"""BLACK CID""","""RFK""",1.0,"""Robert F. Kennedy may be associated with Black CID, influencing their actions or the context of the Cold Boot event.""",['c9fd7c7cbe732bcec09c19d35febcaaf'],a9f50861273c4bb697d868a9d049d392,171,2,1,3
"""MGU_02_L""","""RSU""",2.0," At the RSU location, the Machine Guard Unit (MGU_02_L) did not initiate a restart of the RSU over the Human-Machine Interface (HMI), but it is important to note that the lifecycle of MGU_02_L was previously engaged during a chunk transfer at the same RSU location. This suggests that while MGU_02_L does not start the RSU over HMI, it has been involved in other operational activities related to data transfers at the RSU.",['1d9d7ab8e8e26dabca265f83b6c769f4' '7d1a061b758da894b990616789cdeaeb'],be4820f29fd942b282049fa49697b4ed,172,2,6,8
"""MGU_02_L""","""HMI""",1.0,"""The location of HMI is relevant to the actions or commands involving MGU_02_L and RSU.""",['7d1a061b758da894b990616789cdeaeb'],6deaefe707f84b3dbda979dea0d095ac,173,2,3,5
"""[PU23-07]""","""ORGANIZATION""",1.0,"""The organization responsible for handling this event will need to address the Unexpected HARD_Error_Reset.""",['8758fe93d5c253a88c97ac51e89237d2'],d053ea9432a24fb192e8d6aa993b0caa,174,1,1,2
"""RSU-VIP-G070-23-07-533""","""FUSI""",1.0,"""The fatal error occurred during an attempt to use FuSi for vehicle clearance.""",['a4260298f4959dba8b6c03551ae0f618'],a3e683d294ed42a28d60d09a36cbeb54,175,1,1,2
"""IDC23 SI""","""SYSMAN""",1.0,"""IDC23 SI is employing SYSMAN to manage the lifecycle test scenarios.""",['19481b31bad12e8d64f13ffe10364cda'],39887ca8567141d5b857b87a2bca4086,176,1,1,2
"""[MGU22_E]""","""[TC 2.3]""",1.0,"""The communication issue [MGU22_E] involves the concept or term [TC 2.3]."")<|COMPLETE|> (""entity""",['2839fbc9d019e6693439329e5fdfb5a2'],8df8563ab0394ee9a91b89dea7d59404,177,1,2,3
"""LIFECYCLE""","""MGU22_F""",1.0,"""MGU22_F is part of the lifecycle of an entity, specifically going through a quiescence phase."")<|COMPLETE|> (""entity""",['9e33bda60d240a6b736314369d0ce78c'],12398f70065143839d812fd42ac4b2e7,178,5,3,8
"""LIFECYCLE""","""MGU_G""",1.0,"""Lifecycle is involved in the observation of high current during STR LC with MGU_G.""",['995bb26d8497c3ce073dce7e0b029cb1'],74d43d20f251441baf8e3db64fedca43,179,5,2,7
"""LIFECYCLE""","""FIELD MODE""",1.0,"""Lifecycle operates in Field mode during the observation of high current during STR LC.""",['995bb26d8497c3ce073dce7e0b029cb1'],1b7a22f76f7741e8b140bdc3d8856d76,180,5,2,7
"""PADI SI""","""0XA7981B""",1.0,"""PaDi SI has encountered the DTC 0xA7981B in its system.""",['018ee9a00bbc1f766288a1d00e47abd2'],b823ba1bfe944fa9887edd8faf8a5f17,181,2,1,3
"""PADI SI""","""RESETFEHLER IOCONTROLLER""",1.0,"""The error in the Input/Output Controller of the PaDi SI system is causing issues for the organization.""",['018ee9a00bbc1f766288a1d00e47abd2'],d0bfb473fdc64643954cdb4675e2f389,182,2,2,4
"""RESETFEHLER IOCONTROLLER""","""KI028""",1.0,"""The event 'Resetfehler IOController' is associated with the organization 'KI028'."")<|COMPLETE|> (""entity""",['98a04f71b2a6f6be26a586dee58615f0'],a4db1b2a9c3e4d2d838725f8166c36b4,183,2,1,3
"""IDC23_ML BAT FAILURE""","""WATCHDOG_RESET""",1.0,"""The Watchdog_reset may have been affected by the IDC23_ML BAT Failure.""",['cab271ab0f3742e4c18dd6a66b5e86fd'],8dae140578c841ae9373cbc607c4a6e6,184,5,1,6
"""IDC23_ML BAT FAILURE""","""UNEXPECTED BOD_VDDD_RESET""",1.0,"""The unexpected BOD_VDDD_RESET was seen in traces as a result of the IDC23_ML BAT Failure.""",['cab271ab0f3742e4c18dd6a66b5e86fd'],b215cc33cf40434f87f284ff8f3506a4,185,5,1,6
"""IDC23_ML BAT FAILURE""","""SOC LOGS""",1.0,"""The IDC23_ML BAT Failure is recorded in the SOC logs.""",['7f4755e00889a196ce9e227c285b81dd'],c1ff9d8e1b8745d6860c34ce26122d79,186,5,2,7
"""IDC23_ML BAT FAILURE""","""NODE0 SOC FLASH""",1.0,"""The IDC23_ML BAT Failure occurred during the node0 SOC flash.""",['7f4755e00889a196ce9e227c285b81dd'],9d1e6ca9ae8e4e068fb74631a633b20b,187,5,2,7
"""TC 4.2""","""TRANSITION TO ECUPASSIVE""",1.0,"""TC 4.2 seems to be related to the version or state of the transition process."")<|COMPLETE|> (""entity""",['23f381240de778e2bc3a13d23bca3565'],1d7b0deca7674777bf76c163ac065845,188,1,1,2
"""IDC EBVT""","""VALID_SWITCH_TO_POWER""",1.0,"""The IDC eBVT organization is undergoing the VALID_SWITCH_TO_POWER event.""",['6fb7c08d846b530008af10dd8b7c8d42'],03afe9988f864c9fa501bfbf043f74c0,189,5,1,6
"""IDC EBVT""","""BOOTTYPE""",1.0,"""The warm boot of IDC eBVT is triggered by the bootType event.""",['6fb7c08d846b530008af10dd8b7c8d42'],4084f614af494fa8ab73095fb5b6b07b,190,5,1,6
"""IDC EBVT""","""WAKEUP REASON""",1.0,"""The IDC eBVT failure is caused by an issue with the wakeup reason.""",['98234d1b2e4159348f1051c6474a2b92'],3ce25564af6e47f390a0b16b6f9433a1,191,5,1,6
"""IDC EBVT""","""RTC:SWITCH TO POWER""",1.0,"""RTC:SWITCH TO POWER led to the IDC eBVT failure.""",['98234d1b2e4159348f1051c6474a2b92'],78213664d0eb45d1a9239ba4b85b10f7,192,5,1,6
"""IDC EBVT""","""CAN_BUS_ACTIVE""",1.0,"""The IDC eBVT should have been in CAN_BUS_ACTIVE state during the wakeup event but was not, leading to a failure.""",['98234d1b2e4159348f1051c6474a2b92'],1226e4a4077b4b3a970db4d2509b590c,193,5,1,6
"""G045_H021540""","""[MAINLINE]""",1.0,"""[Mainline] is monitoring or controlling the event IOC_WATCHDOG_RESET in the geographical area G045_H021540."")<|COMPLETE|> (""entity""",['605fe89d0c31975979dfde8bc5177ac6'],b4c7de7a824a4a71b9f52193d2f1a10d,194,2,2,4
"""MGU_02_A_PU1123_""","""0XA76300/0XA76301""",1.0,"""The error in MGU_02_A_PU1123_ is related to the system component 0xA76300/0xA76301.""",['4ba35bfc7d338199a00d6fa86d10d864'],b609f1939dae4c7383c7d199bb3c7dc3,195,2,1,3
"""MGU_02_A_PU1123_""","""MGU22:ETH-CTRL.SERVICE""",1.0,"""The error in MGU_02_A_PU1123_ is related to the system service mgu22:eth-ctrl.service.""",['4ba35bfc7d338199a00d6fa86d10d864'],aeee2f443dfb4e3ea80af6ae1d9197ce,196,2,2,4
"""MGU22:ETH-CTRL.SERVICE""","""IDC23_U12_2307_PRODUCTION CAR""",1.0,"""The IDC23_U12_2307_Production Car's crash is associated with the mgu22:eth-ctrl.service.""",['02b8248f10030d085d6e0e72fc9f5ffc'],8c46d37bc26e4d4dbd37d6ee26867bc6,197,2,2,4
"""LCM_SHUTDOWN_UNINTENDED_START_WO_REASON""","""IDC23_ML""",1.0,"""The LCM_SHUTDOWN_UNINTENDED_START_WO_REASON event occurred within the IDC23_ML organization.""",['eed974d4fafa09248a93bc9a1552655a'],58a8fa7f29e347bdb9689b70b065a779,198,6,1,7
"""LCM_SHUTDOWN_UNINTENDED_START_WO_REASON""","""[IDC23_F]""",1.0,"""The organization [IDC23_F] recorded an event of LCM Shutdown Unintended Start Without Reason in its logs.""",['41a88e683c2c4336782cbca122a2f940'],fae3fe31deb141ab93143ac411f1eaaa,199,6,4,10
"""LCM_SHUTDOWN_UNINTENDED_START_WO_REASON""","""LOGS""",1.0,"""The LCM_SHUTDOWN_UNINTENDED_START_WO_REASON event is recorded in the logs.""",['d4d16109ee09bb9a72b3728a9f1c6ac3'],a2cb46c226b94831853a5d28c5d94b0a,200,6,1,7
"""LCM_SHUTDOWN_UNINTENDED_START_WO_REASON""","""UNINTENDED STARTUP""",1.0,"""The LCM_SHUTDOWN_UNINTENDED_START_WO_REASON event is an example of unintended startup.""",['d4d16109ee09bb9a72b3728a9f1c6ac3'],d3511ecd27cd4166bdb39e757e275300,201,6,1,7
"""LCM_SHUTDOWN_UNINTENDED_START_WO_REASON""","""START WITHOUT REASON""",1.0,"""The LCM_SHUTDOWN_UNINTENDED_START_WO_REASON event started without any reason.""",['d4d16109ee09bb9a72b3728a9f1c6ac3'],de3b561f5cce4c83bccb39180e362c97,202,6,1,7
"""NODE0""","""NIGHTLY BUILD BAT""",1.0,"""Node0 is part of the hardware being tested or built during the Nightly Build BAT.""",['3367d1af79b215e1e3bbeda05ec12266'],5bfefaa0fce04002851733337bed714c,203,2,3,5
"""NODE0""","""FLASHING FAILURE""",1.0,"""The flashing failure occurred at Node0, which is a location within the organization's infrastructure.""",['e17bf1f3eed3d870d76a36ec5d026cd3'],b5fed5609f154df58c6a9f74e55fc0ba,204,2,1,3
"""IDC23_F""","""SYSTEM-FUNCTIONS.SYSTEM_FUNCTIONS_POST_TESTS""",1.0,"""IDC23_F is related to the system-functions.system_functions_post_tests function, as it involves a failure in this module.""",['686022cda25cae37331de3a24eaa29d3'],91ae5251eaab4c08afe6cd4cbefcaa6b,205,5,2,7
"""IDC23_F""","""LOG LEVEL OF LSMF DLT MESSAGES""",1.0,"""The IDC23_F event is related to the Log level of LSMF DLT messages, as it involves a failure that may affect the logging of these messages.""",['686022cda25cae37331de3a24eaa29d3'],bbdd53a15e99452a9deff05d1de2d965,206,5,2,7
"""IDC23_F""","""ETH-CTRL.SERVICE""",1.0,"""The eth-ctrl.service failure occurred at IDC23_F.""",['e8f78bf0df9f13468e0754764912d5e8'],532bf54d5a924ff48aee254970efb914,207,5,2,7
"""IDC23_F""","""POST_SERIAL_MARKER_TESTS.CHECK""",1.0,"""IDC23_F is related to the mission post_serial_marker_tests.check.""",['aeabc848d13f599e65a605c7e209813c'],2489232bd2bb492babe00617e7290282,208,5,1,6
"""SYSTEM-FUNCTIONS.SYSTEM_FUNCTIONS_POST_TESTS""","""[IDC23_F]""",1.0,"""The unspecified individual or group represented by [IDC23_F] is responsible for addressing the failure in the system-functions.system_functions_post_tests function.""",['686022cda25cae37331de3a24eaa29d3'],d2ed972353af4d1db74702638bfdbb58,209,2,4,6
"""LOG LEVEL OF LSMF DLT MESSAGES""","""[IDC23_F]""",1.0,"""The unspecified individual or group represented by [IDC23_F] is responsible for addressing any issues that may affect the logging of LSMF DLT messages.""",['686022cda25cae37331de3a24eaa29d3'],575befc8d64c47eb95af8b1096e02963,210,2,4,6
"""[IDC23_F]""","""[2403]""",1.0,"""The organization [IDC23_F] recorded an unintended start of LCM Shutdown at geographical location [2403] in its logs.""",['41a88e683c2c4336782cbca122a2f940'],d6e6366617e04b0ba6732fd1d2d76429,211,4,3,7
"""PROBLEM""","""IDC23 SERIES CAR""",1.0,"""The IDC23 Series Car is experiencing a problem with its DFE."")<|COMPLETE|> (""entity""",['7d90c325caef35c2373d29a64216f8c5'],b4c4354c8edb40db984942799fe0c8b1,212,2,5,7
"""[2403]""","""KL30F""",1.0,"""The event [2403] may be related to the disabling of KL30F, as it has caused multiple wakeups.""",['e82e0a356955e412d05d2f6e3f008e05'],170507a64973429f818067b80506d428,213,3,3,6
"""IOC2403""","""PROBLEM WITH CID AND LC""",1.0,"""IOC2403 is the organization affected by the problem with its CID and LC.""",['ab0db4a2bcca339c26d0d4c5ef065293'],fd9b298e6aea4685bbb2064b05fcda79,214,1,3,4
"""VOLTAGE TEST""","""PLANT ISSUE""",1.0,"""The plant issue may be related to the voltage test, as it requires attention and resolution during or after the test."")<|COMPLETE|> (""entity""",['03a78e6d89d1dfd1f291689da2203e0d'],eeecb159cc8a4c8989f8da0f3df09f2a,215,2,1,3
"""IDC23_U12_2407_CID""","""AZV""",1.0,"""The organization IDC23_U12_2407_CID is possibly connected to AZV in relation to the black screen incident and reset.""",['4f7f7ed2398e013f9d0bf49837d024d4'],70f22b1d7336492dbade94b8edefe457,216,1,2,3
"""NIGHTLY BUILD BAT""","""BI_2403TOML""",1.0,"""BI_2403toML is responsible for the Nightly Build BAT process.""",['e17bf1f3eed3d870d76a36ec5d026cd3'],66e098dc431146e19fc4bc2ea37efbd9,217,3,1,4
"""HU-MGU_02_L""","""RC_ERASE_SW_PACKAGE_WTOAC#SWFL""",1.0,"""HU-MGU_02_L has sent a 'generalReject' on the RC_ERASE_SW_PACKAGE_WTOAC#SWFL."")<|COMPLETE|>   This output is based on the provided text, which appears to be a code or message with abbreviations. The entities identified are an organization (HU-MGU_02_L) and an event (RC_ERASE_SW_PACKAGE_WTOAC#SWFL), and the relationship between them is that HU-MGU_02_L has sent a 'generalReject' on the RC_ERASE_SW_PACKAGE_WTOAC#SWFL. The geo entity is not present in this text, as it does not contain any location information. (""entity""",['b0df6b99da3afe11ce76836b5e9fb453'],932e213c57134098a07073febd51dcc2,218,1,1,2
"""HU-MGU-02_L""","""RC_READ_HTTP_UPDATE_STATUS_SP21""",1.0,"""HU-MGU-02_L is involved in the event RC_READ_HTTP_UPDATE_STATUS_SP21 where it experienced a reset or timeout.""",['21406b0be218246fde2ec92aed83430e'],9593428ad36746ae8af6d8ce639834ef,219,1,1,2
"""IDC23_U12_2307_PRODUCTION CAR""","""DTC 0XA76300/0XA76301""",1.0,"""The IDC23_U12_2307_Production Car has a diagnostic trouble code related to the crash.""",['02b8248f10030d085d6e0e72fc9f5ffc'],1bcaeb58479d42a6963a073c09f3f397,220,2,1,3
"""[MGU22_F]""","""[LIFECYCLE]""",1.0,"""[Lifecycle] is associated with [MGU22_F], which is a specific event or operation within its lifecycle.""",['941b9d29572fa96c8945389d9636cb68'],1ef0c1c59ce946668ccf1a6a4f5ab7cc,221,1,2,3
"""BI_2311TO2403""","""RSU""",1.0,"""The event BI_2311to2403 is related to an issue with the Road Side Unit (RSU).""",['2c0c1b5b31fbfa0999a6ab06a2af3d7e'],d734746e3d6146f780af91827e578dfd,222,4,6,10
"""BI_2311TO2403""","""HU_MGU_02_A""",1.0,"""The FATAL_ERROR in BI_2311to2403 is caused by the failure of HU_MGU_02_A.""",['2c0c1b5b31fbfa0999a6ab06a2af3d7e'],21ed913271614cbeb1b754cdbbef13af,223,4,1,5
"""[LIFECYCLE]""","""KL30F""",1.0,"""The [Lifecycle] involves the disabling and potential reactivation of KL30F, causing multiple wakeups.""",['e82e0a356955e412d05d2f6e3f008e05'],1505dfebbfb04652b0ba57de1a251d67,224,2,3,5
"""MULTIPLE WAKEUPS""","""KL30F""",1.0,"""The repeated instances of activity are observed in the KL30F object or system.""",['b7e2aefb1da5117e881d6cd92f6deeb3'],907ec65076e5494a8631efffb81b3178,225,1,3,4
"""SERVICE RC_ETH_PHY_SWITCH_ENGINE_RESET""","""[SV]""",1.0,"""[SV] is responsible for managing or troubleshooting the Service RC_ETH_PHY_SWITCH_ENGINE_RESET.""",['7abba7c2008a10626855aa8423929d38'],2dc7f6b230db452190a09643ca3d5ec0,226,4,1,5
"""SERVICE RC_ETH_PHY_SWITCH_ENGINE_RESET""","""[PQFS]""",1.0,"""[PQFS] provides support or maintenance services for the Service RC_ETH_PHY_SWITCH_ENGINE_RESET.""",['7abba7c2008a10626855aa8423929d38'],c20ecfc93b3a4875ade5c92cfe4b94a1,227,4,1,5
"""IDC ML""","""HU22DM-208352""",1.0,"""IDC ML is the organization responsible for enabling selective wakeup in HU22DM-208352.""",['a43621491fb41ae7ca6b2189dafffbca'],4bc7dc91ede345dfb63d7d4f7ac3554f,228,1,1,2
"""ETH-CTRL.SERVICE""","""SERVICE FAILURE""",1.0,"""The Service failure is related to the eth-ctrl.service experiencing multiple failures.""",['e8f78bf0df9f13468e0754764912d5e8'],0b2b815c9f834aaaac0c341097def9ba,229,2,1,3
"""FEHLER IN FAHRTDATEN""","""AB FAHRTBEGINN""",1.0,"""The error in trip data occurs from the start of the journey or trip.""",['f26d03542e20bfca36a56f5e3d9d4849'],424ae71c56024094a02e6fd9bfcfbb04,230,1,1,2
"""IDC2403""","""[LIFECYCLE-RTC]""",1.0,"""IDC2403 is also related to the LifeCycle-RTC system.""",['6eb3be753407be6c0ad1ad35ae45ff75'],400d10f2ee1d49be9a66efa34dada0e6,231,2,5,7
"""CUSTOMER""","""RSU""",1.0,"""The RSU's fatal error occurred in the customer's vehicle.""",['a89ca09cc448d536f2e5b7650caa569c'],91deb9f152264e958d106d481ff2e1ee,232,2,6,8
"""CUSTOMER""","""ECU MGU_02_L""",1.0,"""The customer's vehicle contains the ECU MGU_02_L that had an unsuccessful update.""",['a89ca09cc448d536f2e5b7650caa569c'],586cf02da9494088aed9b3419725638f,233,2,2,4
"""RSU""","""ECU MGU_02_L""",1.0,"""The RSU encountered a fatal error with ECU MGU_02_L.""",['a89ca09cc448d536f2e5b7650caa569c'],229d85a2783e4a2991f17d2ab5750af7,234,6,2,8
"""RSU""","""VERIFICATION""",1.0,"""Verification was performed by the RSU to check the success of the update on ECU MGU_02_L, but it was not successful.""",['a89ca09cc448d536f2e5b7650caa569c'],b7f97d1909a3433abef8ca8e9334fafa,235,6,1,7
"""WATCHDOG RESET""","""RECOVERY MANAGER""",1.0,"""The Watchdog Reset event was affected by the action taken on the Recovery Manager."")<|COMPLETE|> (""entity""",['86d586719b44ba38350349cdcb1c9cb0'],b7fdfffc38b94bf7872eabe9b022c8fd,236,4,1,5
"""WATCHDOG RESET""","""VOLTAGE CURVES""",1.0,"""Voltage Curves might be related to WATCHDOG RESET as it was observed while running Voltage Curves."")<|COMPLETE|> (""entity""",['832e56ae03c59859d3810a92e480461b'],6242e0c237a348908d0256ea790a0211,237,4,2,6
"""WATCHDOG RESET""","""[IDC23-ML]""",1.0,"""[IDC23-ML] is the system or device where the WATCHDOG RESET was observed."")",['3d208a63fc0c49a5232b248900979fe4'],7cc9f26737e1442595e53253e98015ef,238,4,1,5
"""WATCHDOG RESET""","""E-09 RESET BEHAVIOR-SEQUENCE 1-""",1.0,"""E-09 Reset behavior-Sequence 1- is associated with the WATCHDOG RESET event."")",['3d208a63fc0c49a5232b248900979fe4'],1868fec1493643208dbdcad7bc97dfa0,239,4,1,5
"""MGU22_E""","""0XB7F908""",1.0,"""The event MGU22_E involves the discovery of DTC 0XB7F908 during a nightly build failure.""",['3389efd680d43d6b195bdec5625f5852'],a87aa935dccf49cd98b40fb5afe7ad5c,240,2,1,3
"""BMW""","""HMI""",1.0,"""The BMW brand appears on the HMI following the chunk transfer event.""",['1d9d7ab8e8e26dabca265f83b6c769f4'],36870a3393f6413e9bf647168eb6977a,241,2,3,5
"""FACTORY RESET JOB""","""NSM_CONTROL --R 11""",1.0,"""The Factory Reset Job includes the execution of nsm_control --r 11.""",['41d33265517367967d10564cbf8fe7d4'],4fe3ff52700c491f8cc650aadb4d7cb0,242,1,1,2
"""[LIFECYCLE-RTC]""","""[IDC23-PU]""",1.0,"""The relationship between [LifeCycle-RTC] and [IDC23-PU] is not explicitly stated, but they are mentioned together in the text.""",['832e56ae03c59859d3810a92e480461b'],f1f6f6435a444e388d67e16e847afca6,243,5,1,6
"""[LIFECYCLE-RTC]""","""VOLTAGE CURVES""",1.0,"""[LifeCycle-RTC] may be affected by the changes in Voltage Curves."")",['3d208a63fc0c49a5232b248900979fe4'],0af2ca1c090843ea92679fd14c1fbc9a,244,5,2,7
"""[LIFECYCLE-RTC]""","""UBMIN6V""",1.0,"""The geographical location UBmin6V may be related to the system or device identified as [LifeCycle-RTC]."")",['3d208a63fc0c49a5232b248900979fe4'],1b06d3e53ffd4771952fbef04d1e666c,245,5,1,6
"""[LIFECYCLE-RTC]""","""BI_2407TO25-07""",1.0,"""The event BI_2407to25-07 is associated with the LifeCycle-RTC system."")",['6eb3be753407be6c0ad1ad35ae45ff75'],b8e966b34cba4b11b9995106767212ba,246,5,1,6
"""CHUNK TRANSFER""","""HMI""",1.0,"""The chunk transfer event caused the HMI to display the BMW logo.""",['1d9d7ab8e8e26dabca265f83b6c769f4'],f6de923de6474d2cab6a9c2f0d81fa59,247,1,3,4
"""D0105E""","""UNDERVOLTAGE IDENTIFIED""",1.0,"""The event 'Undervoltage identified' is related to the vehicle, D0105E."")<|COMPLETE|> (""entity""",['340768e47ec52080f14b9a1b8d72c0ed'],6915637e8d124fdc8473111d501e3703,248,1,1,2
"""IOCONTROLLER""","""0XA7631B SYSTEM""",1.0,"""The error in the 0xA7631B System is related to the IOController.""",['5fc5a35b355f33929d63f6a4da76a54d'],2233f31929194eac89333ce8731a5584,249,2,2,4
"""[AUTOMATION]""","""QUIESCENCE""",1.0,"""The concept of Automation is related to the state of Quiescence, as it may involve automated systems in this state."")<|COMPLETE|> (""entity""",['941b9d29572fa96c8945389d9636cb68'],61f1dc4267314470ac820b6a46c61f7b,250,1,1,2
"""KNG/CID""","""RESTART""",1.0,"""The restart event caused a black screen on KNG/CID's system.""",['703e0e838d2ef3544cf1fe9f1bafcdea'],f0c578614b224345974c3e4c110878af,251,1,1,2
"""RSU_G18_2407_ID8_MGU""","""UPGRADE PROCESS""",1.0,"""The loss of RSU_G18_2407_ID8_MGU occurred during the upgrade process.""",['c5bbe031af6327c65b96044c98a2653d'],7ffb88ebc729492c897ccfb569d7f6d0,252,2,1,3
"""RSU_G18_2407_ID8_MGU""","""UNABLE TO DRIVE""",1.0,"""The inability to drive is a result of upgrading RSU_G18_2407_ID8_MGU.""",['c5bbe031af6327c65b96044c98a2653d'],60dce7d8bc1b4729a038178a400b9a59,253,2,1,3
"""HU-MGU_02_A""","""ECU 0X63""",1.0,"""HU-MGU_02_A is responsible for the ECU 0x63 technology component.""",['6d919a6bd8e1f81fb0839e1bf950648e'],4cbb4e238c5b4656803fb9b4b6c3512e,254,1,3,4
"""ECU 0X63""","""RC_APM""",2.0," The ECU 0X63, an essential component within the system, has transmitted both a condition named 'conditionsNotCorrect' and a signal to the RC_APM technology. This suggests that while the ECU 0X63 is actively communicating with the RC_APM system, there appears to be an issue indicated by the 'conditionsNotCorrect' status.",['5e1ea4f69aa3c0aef87c8cfa7a01598f' '6d919a6bd8e1f81fb0839e1bf950648e'],652873bcd6d5432187e5deafc4fc5211,255,3,1,4
"""ECU 0X63""","""HU-MGU_02_A CASCADE""",1.0,"""ECU 0x63 has reported incorrect conditions during the HU-MGU_02_A Cascade event.""",['5e1ea4f69aa3c0aef87c8cfa7a01598f'],78f9b30c08134ac5abb4f4e0bff0f7f2,256,3,1,4
"""0XA7631B SYSTEM""","""F66""",1.0,"""The error in the 0xA7631B System occurred at the F66 location.""",['5fc5a35b355f33929d63f6a4da76a54d'],f33e4e897b1e422bb516e8a2c941d9dc,257,2,1,3
"""BAD IUK STARTUP""","""LOW BATTERY""",1.0,"""The Low Battery condition affects Bad IuK Startup."")<|COMPLETE|> (""entity""",['0784994e44ec90c109bfba4168172930'],fac4e1553a9840e990bbfff46e64ff27,258,1,1,2
"""MGU22- E BRANCH""","""LC COUNTER""",1.0,"""The high value operation led by MGU22- E Branch is related to the LC Counter concept.""",['2497d5afd088df4a3081fe517742f705'],029a55d327ee4fb3a8314b36d52bdf34,259,2,2,4
"""MGU22- E BRANCH""","""UDP NM CRASH""",1.0,"""The UDP NM Crash occurred as a result of the high value operation led by MGU22- E Branch.""",['2497d5afd088df4a3081fe517742f705'],5a636c894c384532bff66212cf9d5824,260,2,3,5
"""LC COUNTER""","""UDP NM CRASH""",1.0,"""The LC Counter is the cause leading to the UDP NM Crash.""",['2497d5afd088df4a3081fe517742f705'],a9c468ef78704e9aabfc0317a5b1b42d,261,2,3,5
"""UDP NM CRASH""","""NEW MEXICO""",1.0,"""The UDP NM Crash occurred in New Mexico.""",['2497d5afd088df4a3081fe517742f705'],5df80c25d33a4d148a14aa614343cc6b,262,3,1,4
"""IC_SAFETY_VIOLATION_RESET_BLANK""","""VEHICLE TA10013""",1.0,"""The IC_SAFETY_VIOLATION_RESET_BLANK event occurred in vehicle TA10013.""",['59a45bd10b760382a60e524b4ed8e99d'],6a87f06ed55a46f29b24f77e548a3f1d,263,2,1,3
"""KNG/AZV""","""DISPLAY NETWORK""",1.0,"""KNG/AZV's display network has failed during vehicle start.""",['c78dd01d6b0659a81d7a421f8e66b69c'],0daf88ac4ec94cbb868e27e956c6d7f1,264,1,1,2
"""IDC23 SERIES CAR""","""CLAMP CHANGE""",1.0,"""Clamp change was an action taken on the IDC23 Series Car, but it did not resolve the sporadic black issue with the DFE system."")<|COMPLETE|> (""entity""",['a09d1faef621f16a103301800d46a8f6'],9ed120043e6247be9965e4904920991b,265,5,1,6
"""IDC23 SERIES CAR""","""NO DTC IS SET""",1.0,"""The lack of a Diagnostic Trouble Code (DTC) indicates that the problem with the IDC23 Series Car has not been identified by the diagnostic system.""",['fea407b542ed67412969ae08575b8a8f'],94d81d7de9254ae4b3b16fcc69aa22ea,266,5,1,6
"""SOC LOGS""","""IDC PREMIUM SAMPLES""",1.0,"""The IDC Premium Samples are recorded in the SOC logs.""",['7f4755e00889a196ce9e227c285b81dd'],60c9212246f84ae5b6ab254127a39262,267,2,2,4
"""NODE0 SOC FLASH""","""IDC PREMIUM SAMPLES""",1.0,"""The IDC Premium Samples were affected by the node0 SOC flash.""",['7f4755e00889a196ce9e227c285b81dd'],0f8d0c36a4274526a9eddedae5e63881,268,2,2,4
"""IC""","""24W10.7-1""",1.0,"""The IC has updated its software to version 24w10.7-1."")<|COMPLETE|> (""entity""",['f091b55b0f0ed7cd0a802196c4677959'],6aedd377efbe4f07ae42e546996e7bfa,269,3,1,4
"""IC""","""2H BUSSLEEP""",1.0,"""The 2h bussleep event occurred before the IC's odometer reading was taken.""",['334c3ebe03cf82c42af09756374b37b3'],1aa8484562784f378851c33843c89687,270,3,1,4
"""IC""","""999999 KM MILEAGE""",1.0,"""The 999999 kilometers measurement is a result of the IC's travel.""",['334c3ebe03cf82c42af09756374b37b3'],f1a65d05dd5d456b889217020475ef80,271,3,1,4
"""SYSTEM RESET""","""CUSTOMER RESET""",1.0,"""The system reset was performed by IDC, despite it being a customer reset.""",['c1cba8ed0d193ad59458390a792657b0'],c077d92b48b6477db91e1a0460600f52,272,1,1,2
"""LOCATION""","""G48_IDC23_AZV""",1.0,"""The location of the device G48_IDC23_AZV is not specified in the text.""",['c2dc1cce7596dd68d266adf381b4660a'],5ca888df9b884e54accdd2ff29d125c1,273,1,1,2
"""NO SHUTDOWN""","""START WITH ACTIVE SCREEN""",1.0,"""The absence of a system shutdown might have contributed to the screen becoming active without a restart.""",['d0855f40ad99ed1bf80ae7f0c30afa6f'],8290a6212d6c4430ae0056c7e8eccd5f,274,1,1,2
"""U12_2311_IDC23""","""HU STARTUP TIMEOUT""",1.0,"""U12_2311_IDC23's failure to respond is related to the HU startup timeout event.""",['663b1326fe05422c58ed1902d31e3b29'],14f8ac195fdb4e06a0b9ebc6ef391180,275,2,1,3
"""ECU""","""CODING DATA""",1.0,"""The ECU cannot accept the transmitted coding data due to an out of range error.""",['c5ff7aa7d8c153485c3ffe08f2ded51b'],667ee58a79194316ae2b82eadd3fc575,276,4,2,6
"""ECU""","""HU-MGU_02_A-HU-IDC23_HIGH_B537""",1.0,"""The specific code HU-MGU_02_A-HU-IDC23_HIGH_B537 is related to the ECU's inability to accept coded data.""",['c5ff7aa7d8c153485c3ffe08f2ded51b'],b0e3ee2324054c88adacdf80db13278f,277,4,1,5
"""ECU""","""OUT OF RANGE ERROR""",1.0,"""The ECU is experiencing an out of range error, preventing it from accepting coding data.""",['69a8a040ff4b42b2e1d8895085f06383'],28b7457ca5dc4a38a488946a3f8e207e,278,4,2,6
"""ECU""","""PRODUCTION CAR_ERROR""",1.0,"""The Production Car_Error caused the ECU to become unreadable.""",['4198df50195e95a191fc901ca82acac4'],8029a14d15404e6db95ddf5e2bf9fc15,279,4,3,7
"""CODING DATA""","""OUT OF RANGE ERROR""",1.0,"""The out of range error prevents the ECU from accepting the transmitted coding data.""",['69a8a040ff4b42b2e1d8895085f06383'],389314ca89d445888c8d4985864dd733,280,2,2,4
"""CHANGE UNITS""","""LAST SETTINGS""",1.0,"""After using Change Units, the Last Settings are not displayed in the Menu.""",['bfc23088565dc19b7bd1ffb0c0db98b7'],87fe1462b9064d5692641ab48e826301,281,1,1,2
"""G68_2411_IDC23_CID""","""ACTIVITY""",1.0,"""The device remains active after being locked, indicating continuous activity.""",['71eb165d023c6665c29c3653f2522e20'],a55175ac57014df696ca09d0def9604b,282,1,1,2
"""U06""","""MOTORABSTELLZEIT""",1.0,"""U06 is involved in the Motorabstellzeit event during the motor run process.""",['daac9fd3428f7570ba876022e3fa7ea4'],1766e8858d7b45ed97f71cb5a39e96ea,283,1,1,2
"""0X034A61""","""ZEITZHLER KOMBI""",1.0,"""The geographical location 0x034A61 is relevant to the Zeitzhler Kombi used in the motor run process.""",['daac9fd3428f7570ba876022e3fa7ea4'],6191e014f3f64e46a0777063ed4ac19a,284,1,2,3
"""ZEITZHLER KOMBI""","""DME VERGLEICH""",1.0,"""The Zeitzhler Kombi is being compared with DME during the motor run process.""",['daac9fd3428f7570ba876022e3fa7ea4'],21b0499cf14342269c46170c291d0535,285,2,1,3
"""G48_IDC23_SYSTEM""","""TIME JUMP""",1.0,"""The G48_IDC23_System has experienced a relative time jump, causing it to function improperly.""",['e5798863dd93590f5b5637e224eae820'],c1ef05b38b3f4d59888150fc0dd26826,286,1,1,2
"""NO START DATE""","""LIVE VEHICLE""",1.0,"""The absence of a start date affects the collection and analysis of data in the Live Vehicle.""",['9c352b3b5cf51f9e81915ed38dffda96'],74cb9b3510e84498b9aee0d904316e8b,287,1,1,2
"""TOTAL KILOMETERS OF COMBI CLUSTER""","""COMBI CLUSTER""",1.0,"""The total kilometers displayed is related to the combi cluster.""",['c137c38909dc32507f0020ef49b14132'],043d764b2e1b4d1294651ff938df5391,288,1,1,2
"""IDC [ML]""","""LPM""",1.0,"""The IDC [ML] organization is operating in LPM.""",['cd64fb9f6775da0c44f2ac4c77fc9bbb'],31f2170fef004f3281c533a4a60dc3f3,289,2,1,3
"""IDC [ML]""","""WDG""",1.0,"""WDG is associated with the IDC [ML] organization.""",['cd64fb9f6775da0c44f2ac4c77fc9bbb'],57f186c5c2754483ba66750e98222f95,290,2,1,3
"""IDC [24-11]""","""CAN_INH INTERRUPT BEHAVIOUR""",1.0,"""IDC [24-11] is involved in an event or incident related to CAN_INH Interrupt Behavior.""",['e936cac803f64546f1bdc2f5534c4329'],4b3fc569d91f4a7aa6501ad4fcf67b7a,291,2,1,3
"""IDC [24-11]""","""INTERRUPT BEHAVIOUR""",1.0,"""IDC [24-11] is directly involved in the Interrupt Behavior event or incident.""",['e936cac803f64546f1bdc2f5534c4329'],cbc1667556f84a5eadf867a823e6986c,292,2,1,3
"""CAN_INH""","""IDC [25-07]""",1.0,"""The event IDC [25-07] involves the concept of CAN_INH, which is related to interruption behavior.""",['de7b7ed1df2bd5a2072691c689d14583'],a876d1ab79864396bc47a039225fd5c7,293,1,1,2
"""MGU_G""","""STR LC""",1.0,"""MGU_G is involved in the event where high current was observed during STR LC.""",['995bb26d8497c3ce073dce7e0b029cb1'],c09f67d4f25448c99f7c0552c30b7706,294,2,2,4
"""FIELD MODE""","""STR LC""",1.0,"""Field mode is associated with the observation of high current during STR LC.""",['995bb26d8497c3ce073dce7e0b029cb1'],c0866306dc8c4da2a8a81c0c3a78b657,295,2,2,4
"""RSU PU""","""24-07""",1.0,"""An upgrade at RSU PU took place on 24-07, causing changes in MGU_02_A's journey data.""",['e67a8c180e24e5284a02a114305b264d'],3884c37eb13a4c9097ee2c5be4eeefaf,296,2,2,4
"""BI [MAINLINE 2507]""","""KNG/AZV_COMPLETE FAILURE OF THE DISPLAY NETWORK""",1.0,"""BI [Mainline 2507] is the affected vehicle in the event of KNG/AZV_Complete failure of the display network.""",['e37c75674602107b2c7483f65f7b79f1'],90764eb2cab74cffb1c7d72d28b965cc,297,1,1,2
"""KOMBI BLACK""","""CAN OUTAGE""",1.0,"""Kombi Black is addressing the CAN outage in the IOC.""",['c188e627b8cf464e99a147969b436b77'],01abe16e67c241a887aa62abe22d155c,298,1,1,2
"""PARKVIEW""","""START""",1.0,"""Construction at Parkview began, but it remains incomplete.""",['36698f420af2c02437bac70962717ce6'],37049be0a2c240c6a06acf9339237b8b,299,1,1,2
"""IC_SAFTY_VIOLATION_RESET_BLANK""","""SAFE_STATUS_ERROR""",1.0,"""The IC_SAFTY_VIOLATION_RESET_BLANK event is related to the SAFE_STATUS_ERROR concept."")<|COMPLETE|>   (""entity""",['4630228042c15512e1ed883eb515a81c'],e785c52881704d95bf4ec03d2720f8ae,300,3,1,4
"""IC_SAFTY_VIOLATION_RESET_BLANK""","""[2407]""",1.0,"""The safety violation reset event occurred at the [2407] location."")<|COMPLETE|> (""entity""",['4630228042c15512e1ed883eb515a81c'],654689c65613476b9905d7afb3809cd2,301,3,1,4
"""IDC_H""","""STR_ERROR""",1.0,"""IDC_H experiences a STR_ERROR during a Sanity Reboot, leading to a fall in its budget.""",['4747961b7d704e7afe64e6d22c7d010d'],15dfb45a6ffa4d34ad72cfe4b3c5cc0d,302,1,1,2
"""FZGCOD_SP21""","""FZGCOD_SP21 IS RELATED TO THE FAILURE OF PSDZ DURING ITS INITIALIZATION.""",1.0,"9)<|COMPLETE|> (""entity""",['d3fbba5bbdc8e16420e32df5ff071afd'],427c3b7458f148d8bace1b768e2b5b7c,303,1,1,2
"""PSDZ""","""PRODUCTION CAR_ERROR""",1.0,"""The Production Car_Error is related to the PSdZ vehicle connection or system configuration.""",['4198df50195e95a191fc901ca82acac4'],95d506750fd94e72bbd9cf2d3fe18e28,304,1,3,4
"""PRODUCTION CAR_ERROR""","""B_DATA""",1.0,"""The Production Car_Error occurred at B_DATA location.""",['4198df50195e95a191fc901ca82acac4'],bf0138ccbcc740089a55fd0c24897360,305,3,1,4
"""ML""","""AUTOMATION""",1.0,"""Machine Learning may have been used during the automation process that resulted in a high current occurrence.""",['d40fc73eef238010776ab42d53427a71'],83cd5df42643494396b00d6cb6376def,306,1,2,3
"""STR BUDGET""","""WRONG""",1.0,"""The error in the renewal of the STR budget affects the financial allocation.""",['f61d4cabff020b216061d777c3acd5d3'],909d28e443fd4e0bac189373125c8309,307,2,1,3
"""STR BUDGET""","""AUTOMATICALLY""",1.0,"""The renewal of the STR budget happens automatically, without any manual intervention.""",['f61d4cabff020b216061d777c3acd5d3'],efbc2439e5034801af83ac1a0b440535,308,2,1,3
